サービス分野、サービス名,内容
"Dx,農業IT",農業×ICTで技術革新と生産者の収益性向上を実現。生産から流通まで総合的に未来の農業を創造。
"Dx,IoTソリューション",様々な産業におけるIoT化を、クラウドサービス×ソリューションで実現。センサー選定、組み込み、クラウドによるデータ蓄積・可視化までをワンストップでプロデュース。
"Dx,データサイエンス","意思決定に必要となるデジタルデータの活用を提案。 ビジネス課題をデータ主導型の手法を用いて解決に導く。
"
"Dx,RPAソリューション",WinActor・UiPath、その他RPAシステムに関わるソリューションを提供し、業務効率化を実現。
"SI,デジタルマーケティング",インターネット広告（アドテクノロジー）Marketing Automationなどのマーケティングテクノロジーを駆使し、企業のマーケティング施策を企画から運営まで支援。
"Dx,セキュリティ",より複雑化する企業のネットワーク利用において、安全なデータ運用を実現するため総合的なセキュリティ技術を研究。
"SI,ITインフラクラウドテクノロジー","社会・企業のITインフラ基盤の構築と安定運用をベースに、最新のクラウドテクノロジーや
情報セキュリティ分野に取り組んでいます。"
"SI,WEBソリューション",デジタル領域での人と社会・企業のコミュニケーションを進化させるWEBシステムの企画提案から構築・運営を行います。
"Dx,Salesforce支援",クラウドCRMとして高いシェアを持つSalesforce.com等BIツールの導入・構築およびアドミニストレーションサービスを提供。
"SI,地域ソリューション",各地域の特性に応じたIT技術に取り組み、地域産業を支えるITパートナーとして活動しています。
